appid,name
10,Counter-Strike
20,Team Fortress Classic
30,Day of Defeat
40,Deathmatch Classic
50,Half-Life: Opposing Force
60,Ricochet
70,Half-Life
80,Counter-Strike: Condition Zero
130,Half-Life: Blue Shift
220,Half-Life 2
240,Counter-Strike: Source
280,Half-Life: Source
300,Day of Defeat: Source
320,Half-Life 2: Deathmatch
340,Half-Life 2: Lost Coast
360,Half-Life Deathmatch: Source
380,Half-Life 2: Episode One
400,Portal
420,Half-Life 2: Episode Two
440,Team Fortress 2
500,Left 4 Dead
550,Left 4 Dead 2
570,Dota 2
620,Portal 2
630,Alien Swarm
730,Counter-Strike: Global Offensive
1200,Red Orchestra: Ostfront 41-45
1250,Killing Floor
1510,Uplink
1520,DEFCON
1840,Source Filmmaker
1930,Two Worlds Epic Edition
2100,Dark Messiah of Might & Magic
2280,DOOM (1993)
2310,Quake
2400,The Ship: Murder Party
2630,Call of Duty 2
2700,RollerCoaster Tycoon 3: Platinum
3590,Plants vs. Zombies GOTY Edition
3830,Psychonauts
3900,Sid Meier's Civilization IV
3910,Sid Meier's Civilization III Complete
3990,Civilization IV: Warlords
4000,Garry's Mod
4500,S.T.A.L.K.E.R.: Shadow of Chernobyl
4560,Company of Heroes - Legacy Edition
4570,"Warhammer 40,000: Dawn of War - Game of the Year Edition"
4580,"Warhammer 40,000: Dawn of War - Dark Crusade"
4700,Total War: MEDIEVAL II – Definitive Edition
4760,Rome: Total War - Collection
4920,Natural Selection 2
6000,STAR WARS Republic Commando
6020,STAR WARS Jedi Knight - Jedi Academy
6030,STAR WARS Jedi Knight II - Jedi Outcast
6060,"Star Wars: Battlefront 2 (Classic, 2005)"
6850,Hitman 2: Silent Assassin
6860,Hitman: Blood Money
6880,Just Cause
6900,Hitman: Codename 47
6910,Deus Ex: Game of the Year Edition
6920,Deus Ex: Invisible War
7670,BioShock
7760,X-COM: UFO Defense
7940,Call of Duty 4: Modern Warfare
8190,Just Cause 2
8230,Sam & Max 104: Abe Lincoln Must Die!
8500,EVE Online
8850,BioShock 2
8870,BioShock Infinite
8930,Sid Meier's Civilization V
8980,Borderlands Game of the Year
9010,Return to Castle Wolfenstein
9200,RAGE
9340,Company of Heroes: Opposing Fronts
9420,Supreme Commander: Forged Alliance
9450,"Warhammer 40,000: Dawn of War - Soulstorm"
9480,Saints Row 2
9880,Champions Online
9900,Star Trek Online
10090,Call of Duty: World at War
10150,Prototype
10180,Call of Duty: Modern Warfare 2 (2009)
10500,Total War: EMPIRE – Definitive Edition
10680,Aliens vs. Predator
11020,TrackMania Nations Forever
12100,Grand Theft Auto III
12110,Grand Theft Auto: Vice City
12120,Grand Theft Auto: San Andreas
12140,Max Payne
12170,Grand Theft Auto
12180,Grand Theft Auto 2
12200,Bully: Scholarship Edition
12210,Grand Theft Auto IV: The Complete Edition
12220,Grand Theft Auto: Episodes from Liberty City
12810,Overlord II
12830,Operation Flashpoint: Dragon Rising
12900,AudioSurf
13140,America's Army 3
13210,Unreal Tournament 3 Black
13230,Unreal Tournament 2004: Editor's Choice Edition
13520,Far Cry
15100,Assassin's Creed: Director's Cut Edition
15620,"Warhammer 40,000: Dawn of War II"
15700,Oddworld: Abe's Oddysee
16810,Sid Meier's Civilization IV: Colonization
17080,Tribes: Ascend
17300,Crysis
17330,Crysis Warhead
17390,SPORE
17410,Mirror's Edge
17430,Need for Speed Undercover
17450,Dragon Age: Origins
17460,Mass Effect (2007)
17470,Dead Space (2008)
17480,Command & Conquer: Red Alert 3
17500,Zombie Panic! Source
17570,"Pirates, Vikings, and Knights II"
17740,Empires Mod
19680,Alice: Madness Returns
19900,Far Cry 2
20500,Red Faction Guerrilla Steam Edition
20510,S.T.A.L.K.E.R.: Clear Sky
20530,Red Faction
20540,Company of Heroes: Tales of Valor
20570,"Warhammer 40,000: Dawn of War II Chaos Rising"
20900,The Witcher: Enhanced Edition Director's Cut
20920,The Witcher 2: Assassins of Kings Enhanced Edition
21090,F.E.A.R.
21100,F.E.A.R. 3
21130,LEGO Harry Potter: Years 1-4
21690,Resident Evil 5
22000,World of Goo
22100,Mount & Blade
22300,Fallout 3
22320,The Elder Scrolls III: Morrowind Game of the Year Edition
22330,The Elder Scrolls IV: Oblivion Game of the Year Edition
22350,BRINK
22370,Fallout 3: Game of the Year Edition
22380,Fallout: New Vegas
22600,Worms Reloaded
23310,The Last Remnant
23490,Tropico 3
24010,Train Simulator Classic
24200,DC Universe Online
24240,PAYDAY The Heist
24720,SPORE Galactic Adventures
24740,Burnout Paradise: The Ultimate Box
24780,SimCity 4 Deluxe Edition
24790,Command & Conquer 3: Tiberium Wars
24960,Battlefield: Bad Company 2
24980,Mass Effect 2 (2010)
26800,Braid
28000,Kane & Lynch 2: Dog Days
31270,Puzzle Agent
31280,Poker Night at the Inventory
32370,STAR WARS - Knights of the Old Republic
32380,STAR WARS Jedi Knight: Dark Forces II
32430,STAR WARS - The Force Unleashed Ultimate Sith Edition
32440,LEGO Star Wars - The Complete Saga
32470,STAR WARS Empire at War - Gold Pack
32500,STAR WARS: The Force Unleashed II
32800,Lord of the Rings: War in the North
33230,Assassin's Creed 2
33900,Arma 2
33930,Arma 2: Operation Arrowhead
34030,Total War: NAPOLEON – Definitive Edition
34270,SEGA Mega Drive and Genesis Classics
34830,Sniper: Ghost Warrior
34870,Sniper: Ghost Warrior 2
35140,Batman: Arkham Asylum Game of the Year Edition
35450,Red Orchestra 2: Heroes of Stalingrad with Rising Storm
35700,Trine Enchanted Edition
35720,Trine 2: Complete Story
38400,Fallout: A Post Nuclear Role Playing Game
38410,Fallout 2: A Post Nuclear Role Playing Game
38420,Fallout Tactics: Brotherhood of Steel
39000,Moonbase Alpha
39120,RIFT
39140,FINAL FANTASY VII
39190,Dungeon Siege
39210,FINAL FANTASY XIV Online
39500,Gothic 3
39510,Gothic II: Gold Edition
40100,Supreme Commander 2
40390,Risen 2: Dark Waters
40700,Machinarium
40800,Super Meat Boy
40950,Stronghold HD
40960,Stronghold 2: Steam Edition
40970,Stronghold Crusader HD
40990,Mafia
41000,Serious Sam HD: The First Encounter
41070,Serious Sam 3: BFE
41500,Torchlight
41700,S.T.A.L.K.E.R.: Call of Pripyat
42700,Call of Duty: Black Ops
42910,Magicka
42960,Victoria II
44350,GRID 2
45760,Ultra Street Fighter IV
46500,Syberia
46510,Syberia II
47410,Stronghold Kingdoms
47780,Dead Space 2
47790,Medal of Honor
47810,Dragon Age: Origins - Ultimate Edition
47890,The Sims 3
48000,LIMBO
48190,Assassin’s Creed Brotherhood
48240,Anno 2070
48700,Mount & Blade: Warband
48720,Mount & Blade: With Fire & Sword
49520,Borderlands 2
49540,Aliens: Colonial Marines Collection
49600,Beat Hazard
50130,Mafia II (Classic)
50300,Spec Ops: The Line
55100,Homefront
55110,Red Faction: Armageddon
55150,"Warhammer 40,000: Space Marine - Anniversary Edition"
55230,Saints Row: The Third
56437,"Warhammer 40,000: Dawn of War II: Retribution"
57300,Amnesia: The Dark Descent
57690,Tropico 4
57900,Duke Nukem Forever
58610,Wargame: European Escalation
63380,Sniper Elite V2
65540,Gothic 1
65790,ARMA: Cold War Assault
65800,Dungeon Defenders
65930,The Bureau: XCOM Declassified
65980,Sid Meier's Civilization: Beyond Earth
67370,The Darkness II
70000,Dino D-Day
70600,Worms Ultimate Mayhem
71340,Sonic Generations Collection
72850,The Elder Scrolls V: Skyrim
91200,Anomaly: Warzone Earth
91330,Iron Front: Digital War Edition
91600,Sanctum
92800,SpaceChem
96000,The Tiny Bang Story
96100,Defy Gravity Extended
97100,Section 8: Prejudice
99300,Renegade Ops
99900,Spiral Knights
102500,Kingdoms of Amalur: Reckoning
102600,Orcs Must Die!
104900,ORION: Prelude
105450,Age of Empires III (2007)
105600,Terraria
107100,Bastion
107300,Breath of Death VII
107310,Cthulhu Saves the World
107410,Arma 3
108600,Project Zomboid
108710,Alan Wake
108800,Crysis 2 - Maximum Edition
109600,Neverwinter
110800,L.A. Noire
113020,Monaco: What's Yours Is Mine
113200,The Binding of Isaac
113400,APB Reloaded
113420,Fallen Earth Free2Play
115300,Call of Duty: Modern Warfare 3
115320,Prototype 2
200170,Worms Revolution
200210,Realm of the Mad God Exalt
200260,Batman: Arkham City - Game of the Year Edition
200510,XCOM: Enemy Unknown
200710,Torchlight II
201230,EverQuest II
201270,Total War: SHOGUN 2
201790,Orcs Must Die! 2
201810,Wolfenstein: The New Order
201870,Assassin's Creed Revelations
202170,Sleeping Dogs
202750,Alan Wake's American Nightmare
202970,Call of Duty: Black Ops II
203140,Hitman: Absolution
203160,Tomb Raider
203290,America's Army: Proving Grounds
203750,Binary Domain
203770,Crusader Kings II
204030,Fable - The Lost Chapters
204060,Superbrothers: Sword & Sworcery EP
204100,Max Payne 3
204300,Awesomenauts - the 2D moba
204340,Serious Sam 2
204360,Castle Crashers
204450,Call of Juarez: Gunslinger
204880,Sins of a Solar Empire: Rebellion
205100,Dishonored
205230,Hell Yeah! Wrath of the Dead Rabbit
205710,EverQuest
206190,Gunpoint
206210,Gotham City Impostors Free to Play
206420,Saints Row IV
206440,To the Moon
206480,Dungeons & Dragons Online
207140,SpeedRunners
207170,Legend of Grimrock
207230,ArcheBlade
207610,The Walking Dead
208090,Loadout
208140,ENDLESS Space - Definitive Edition
208200,DOOM 3
208480,Assassin’s Creed III
208580,STAR WARS Knights of the Old Republic II - The Sith Lords
208650,Batman: Arkham Knight
209000,Batman: Arkham Origins
209080,Guns of Icarus Online
209160,Call of Duty: Ghosts
209650,Call of Duty: Advanced Warfare - Gold Edition
209670,Cortex Command
209870,Blacklight: Retribution
210770,Sanctum 2
210970,The Witness
211160,Viking: Battle for Asgard
211400,Deadlight
211420,DARK SOULS: Prepare To Die Edition
211500,RaceRoom Racing Experience
211820,Starbound
212070,Star Conflict
212160,Vindictus
212480,Sonic & All-Stars Racing Transformed Collection
212500,The Lord of the Rings Online
212680,FTL: Faster Than Light
212800,Super Crate Box
213670,South Park: The Stick of Truth
214170,Divine Divinity
214340,Deponia
214490,Alien: Isolation
214510,LEGO The Lord of the Rings
214560,Mark of the Ninja
214950,Total War: ROME II - Emperor Edition
215080,WAKFU
215100,Ragnarok Online
215530,The Incredible Adventures of Van Helsing
215790,Dream Pinball 3D
216150,MapleStory
217200,Worms Armageddon
217920,Alien Rage - Unlimited
218230,PlanetSide 2
218620,PAYDAY 2
218640,Lucius
218680,Scribblenauts Unlimited
219150,Hotline Miami
219640,Chivalry: Medieval Warfare
219740,Don't Starve
219890,Antichamber
219990,Grim Dawn
220200,Kerbal Space Program
220240,Far Cry 3
220440,DmC: Devil May Cry
221040,Resident Evil 6
221380,Age of Empires II (2013)
221640,Super Hexagon
221910,The Stanley Parable
222480,Resident Evil Revelations
222880,Insurgency
223100,Homefront: The Revolution
223470,POSTAL 2
223710,Cry of Fear
223850,3DMark
224260,No More Room in Hell
224480,Octodad: Dadliest Catch
224540,Ace of Spades: Battle Builder
224600,Defiance
224760,FEZ
225080,Brothers - A Tale of Two Sons
225260,Brutal Legend
225420,Cities in Motion 2
225540,Just Cause 3
225840,Sven Co-op
226700,Infestation: Survivor Stories 2020
226840,Age of Wonders III
226860,Galactic Civilizations III
227300,Euro Truck Simulator 2
228200,Company of Heroes
228280,Baldur's Gate: Enhanced Edition
228300,Remember Me
230230,Divinity: Original Sin (Classic)
230290,Universe Sandbox
230410,Warframe
231060,Ragnarok Online 2
231430,Company of Heroes 2
232010,Euro Truck Simulator
232050,Eador. Masters of the Broken World
232770,POSTAL
232890,Stronghold Crusader 2
233130,Shadow Warrior
233270,Far Cry 3 - Blood Dragon
233290,Murdered: Soul Suspect
233450,Prison Architect
233720,Surgeon Simulator
234140,Mad Max
234630,Project CARS
234650,Shadowrun Returns
234710,Poker Night 2
235340,Prime World
235460,METAL GEAR RISING: REVENGEANCE
235540,Warhammer: End Times - Vermintide
235600,Tom Clancy’s Splinter Cell Blacklist
236090,Dust: An Elysian Tail
236390,War Thunder
236430,DARK SOULS II
236690,Blood Bowl 2
236850,Europa Universalis IV
236870,HITMAN
237110,Mortal Kombat Komplete Edition
237310,Elsword
237930,Transistor
237990,The Banner Saga
238010,Deus Ex: Human Revolution - Director's Cut
238090,Sniper Elite 3
238210,System Shock 2
238260,Pinball Arcade
238320,Outlast
238370,Magicka 2
238430,Contagion
238460,BattleBlock Theater
238960,Path of Exile
239030,"Papers, Please"
239070,Hammerwatch
239140,Dying Light
239160,Thief
239200,Amnesia: A Machine for Pigs
239350,Spelunky
239820,Game Dev Tycoon
240320,Panzar
240760,Wasteland 2: Director's Cut
241540,State of Decay
241600,Rogue Legacy
241930,Middle-earth: Shadow of Mordor
242050,Assassin’s Creed IV Black Flag
242640,Styx: Master of Shadows
242700,Injustice: Gods Among Us Ultimate Edition
242720,GunZ 2: The Second Duel
242860,Verdun
242920,Banished
243470,Watch_Dogs
243970,"Invisible, Inc."
244160,Homeworld Remastered Collection
244210,Assetto Corsa
244450,Men of War: Assault Squad 2
244930,SNOW - The Ultimate Edition
245170,Skullgirls 2nd Encore
245620,Tropico 5
246420,Kingdom Rush  - Tower Defense
246620,Plague Inc: Evolved
246900,Viscera Cleanup Detail
247000,Talisman: Digital Edition
247080,Crypt of the NecroDancer
247120,Portal 2 Sixense Perceptual Pack
248570,Toribash
248610,Door Kickers
248820,Risk of Rain
249050,Dungeon of the ENDLESS
249130,LEGO Marvel Super Heroes
250180,METAL SLUG 3
250320,The Wolf Among Us
250400,How to Survive
250820,SteamVR
250900,The Binding of Isaac: Rebirth
251060,Wargame: Red Dragon
251570,7 Days to Die
252130,Divide By Sheep
252150,Grimm
252530,OMSI 2: Steam Edition
252950,Rocket League
253030,Race The Sun
253710,theHunter Classic
253900,Knights and Merchants
253960,Jack Orlando: Director's Cut
253980,Enclave
254060,KnightShift
254700,Resident Evil 4
255220,GRID Autosport
255520,Viscera Cleanup Detail: Shadow Warrior
255710,Cities: Skylines
257350,Baldur's Gate II: Enhanced Edition
257510,The Talos Principle
257730,Infinity Wars: Animated Trading Card Game
257850,Hyper Light Drifter
258970,Gauntlet Slayer Edition
259080,Just Cause 2: Multiplayer Mod
259680,Tales of Maj'Eyal
261030,The Walking Dead: Season Two
261110,Killer is Dead - Nightmare Edition
261550,Mount & Blade II: Bannerlord
261570,Ori and the Blind Forest
261640,Borderlands: The Pre-Sequel
262060,Darkest Dungeon
262280,Dungeons 2
262410,World of Guns: Gun Disassembly
263500,Dragons and Titans
263540,Villagers and Heroes
264200,One Finger Death Punch
265210,Viscera Cleanup Detail: Santa's Rampage
265550,Dead Rising 3 Apocalypse Edition
265590,The Red Solstice
265630,Fistful of Frags
265930,Goat Simulator
266510,Hand of Fate
266840,Age of Mythology: Extended Edition
268050,The Evil Within
268420,Aura Kingdom
268500,XCOM 2
268870,Satellite Reign
269210,Hero Siege
270150,RUNNING WITH RIFLES
270880,American Truck Simulator
271590,Grand Theft Auto V
272060,Serena
273110,Counter-Strike Nexon: Studio
273350,Evolve Stage 2
274170,Hotline Miami 2: Wrong Number
274190,Broforce
274900,Murder Miners
274920,FaceRig
274940,Depth
275390,Guacamelee! Super Turbo Championship Edition
278080,DYNASTY WARRIORS 8: Xtreme Legends Complete Edition
278360,A Story About My Uncle
279720,The I of the Dragon
281990,Stellaris
282070,This War of Mine
282140,SOMA
282440,Quake Live
282660,Easy eSports
282800,100% Orange Juice
284160,BeamNG.drive
285160,LEGO The Hobbit
285310,RollerCoaster Tycoon: Deluxe
285800,Braveland
286160,Tabletop Simulator
286570,F1 2015
286690,Metro 2033 Redux
286940,S.K.I.L.L. - Special Force 2 (Shooter)
287290,Resident Evil Revelations 2
287390,Metro: Last Light Redux
287450,Rise of Nations: Extended Edition
287700,METAL GEAR SOLID V: THE PHANTOM PAIN
288470,Fable Anniversary
289130,ENDLESS Legend
289650,Assassin's Creed Unity
290340,Armello
291480,Warface
291650,Pillars of Eternity
292030,The Witcher 3: Wild Hunt
292120,FINAL FANTASY XIII
292730,Call of Duty: Infinite Warfare
292910,Deponia: The Complete Journey
293180,Overcast - Walden and the Werewolf
293260,Card Hunter
293540,Guns and Robots
294860,Valkyria Chronicles
295110,Just Survive
295550,Royal Quest
297000,Heroes of Might & Magic III - HD Edition
297130,Titan Souls
298110,Far Cry 4
298240,War Trigger 3
298260,Only If
298630,The Escapists
299360,Block N Load
300080,Total War Battles: KINGDOM
300550,Shadowrun: Dragonfall - Director's Cut
301640,Zombie Army Trilogy
301750,RADical ROACH Remastered
301910,Saints Row: Gat out of Hell
302510,Ryse: Son of Rome
302830,BLOCKADE 3D
303390,Dead Bits
304030,ArcheAge
304050,Trove
304240,Resident Evil
304430,INSIDE
304650,SUNLESS SEA
305050,Outland
307690,Sleeping Dogs: Definitive Edition
307780,Mortal Kombat X
308040,Back to Bed
310370,The Way of Life Free Edition
310560,DiRT Rally
310950,Street Fighter V
311210,Call of Duty: Black Ops III
311240,Zero Escape: Zero Time Dilemma
311340,METAL GEAR SOLID V: GROUND ZEROES
311560,Assassin’s Creed Rogue
311690,Enter the Gungeon
311730,DEAD OR ALIVE 5 Last Round: Core Fighters
311860,Data Hacker: Initiation
312530,Duck Game
312990,The Expendabros
313120,Stranded Deep
313160,Farming Simulator 15
314160,Microsoft Flight Simulator X: Steam Edition
316010,Magic Duels
317360,Double Action: Boogaloo
317470,Cubic Castles
319510,Five Nights at Freddy's
319630,Life is Strange - Episode 1
319830,AX:EL - Air XenoDawn
319910,Trine 3: The Artifacts of Power
321360,Primal Carnage: Extinction
322170,Geometry Dash
322330,Don't Starve Together
322500,SUPERHOT
323470,DRAGON BALL XENOVERSE
323580,Jotun: Valhalla Edition
323850,Move or Die
323910,SteamVR Performance Test
325610,Total War: ATTILA
326460,ShellShock Live
329050,Devil May Cry 4 Special Edition
329110,Gems of War - Puzzle RPG
330020,Children of Morta
330840,Game of Thrones - A Telltale Games Series
331470,Everlasting Summer
331600,One Piece Pirate Warriors 3
332070,School of Dragons
333600,NEKOPARA Vol. 1
333930,Dirty Bomb
334210,Fortified
334230,Town of Salem
335240,Transformice
335300,DARK SOULS II: Scholar of the First Sin
335330,Brick-Force
337320,Paint the Town Red
337950,The SKIES - BETA
339280,Strife
339340,Resident Evil 0
339600,VEGA Conflict
339610,Freestyle 2: Street Basketball
341800,Keep Talking and Nobody Explodes
342200,MechWarrior Online Solaris 7
343710,Kholat
346010,Besiege
346330,BrainBread 2
346900,AdVenture Capitalist
346940,Shadowrun: Hong Kong - Extended Edition
347560,Terra Incognita ~ Chapter One: The Descendant
349040,NARUTO SHIPPUDEN: Ultimate Ninja STORM 4
349700,Romero's Aftermath
350080,Wolfenstein: The Old Blood
350640,Sherlock Holmes: The Devil's Daughter
351470,Sometimes: Success Requires Sacrifice
351940,The Descendant
355840,Survarium
356670,Spooky's Jump Scare Mansion
357900,Make it indie!
359320,Elite Dangerous
359550,Tom Clancy's Rainbow Six Siege
359800,Copa Petrobras de Marcas
359870,FINAL FANTASY X/X-2 HD Remaster
360430,Mafia III: Definitive Edition
361280,Turmoil
362890,Black Mesa
363490,Escape Machines
363970,Clicker Heroes
364360,Total War: WARHAMMER
365450,Hacknet
365590,Tom Clancy’s The Division
365670,Blender
367450,Poly Bridge
367500,Dragon's Dogma: Dark Arisen
368230,Kingdom: Classic
368360,60 Seconds!
368370,Her Story
368500,Assassin's Creed Syndicate
370910,Kathy Rain
371660,Far Cry Primal
372000,Tree of Savior (English Ver.)
373420,Divinity: Original Sin - Enhanced Edition
374320,DARK SOULS III
375450,NOBUNAGA'S AMBITION: Sphere of Influence - Ascension
375480,Chronicon
375910,Anno 2205
375950,Viridi
376210,The Isle
376570,WildStar
377160,Fallout 4
377300,Thunder Tier One
377840,FINAL FANTASY IX
379720,DOOM
380600,Fishing Planet
380840,Teeworlds
381210,Dead by Daylight
382490,Relic Hunters Zero: Remix
383080,Sakura Clicker
383120,Empyrion - Galactic Survival
383150,Dead Island Definitive Edition
383870,Firewatch
385770,Time Clickers
385800,NEKOPARA Vol. 0
386070,Planetary Annihilation: TITANS
386360,SMITE
386940,Ultimate Chicken Horse
387290,Ori and the Blind Forest: Definitive Edition
387990,Scrap Mechanic
388410,Darksiders II Deathinitive Edition
389430,Knight Online
389460,Robot vs Birds Zombies
389570,Mitos.is: The Game
390670,Steel Ocean
391220,Rise of the Tomb Raider
391540,Undertale
391720,Layers of Fear (2016)
393380,Squad
394230,Battleborn
394310,Punch Club
394360,Hearts of Iron IV
394510,HELLDIVERS Dive Harder Edition
394690,Tower Unite
395170,DISTRAINT: Deluxe Edition
397540,Borderlands 3
397720,Romance of the Three Kingdoms Maker
397950,Clustertruck
400040,ShareX
400170,The Incredible Adventures of Van Helsing: Final Cut
402180,Sakura Swim Club
403190,Planetbase
404410,Endless Sky
405310,LEGO MARVEL's Avengers
410110,12 is Better Than 6
410320,EARTH DEFENSE FORCE 4.1 The Shadow of New Despair
412020,Metro Exodus
412220,DDraceNetwork
413150,Stardew Valley
413410,Danganronpa: Trigger Happy Havoc
417860,Emily is Away
418070,Turbo Pug
423230,Furi
424280,Iron Snout
424370,Wolcen: Lords of Mayhem
427520,Factorio
427730,Who's Your Daddy?!
428950,"Kivi, Toilet and Shotgun"
429470,Space Pilgrim Episode I: Alpha Centauri
431240,Golf With Your Friends
431730,Aseprite
433350,BlackShot: Mercenary Warfare FPS
434570,Blood and Bacon
436150,Governor of Poker 3
437900,Party Jousting
438040,Shakes and Fidget
439190,Stories: The Path of Destinies
439700,Z1 Battle Royale: Test Server
442080,Riders of Icarus
444640,Bloons TD Battles
447530,VA-11 Hall-A: Cyberpunk Bartender Action
448470,Bacteria
450390,The Lab
450540,"Hot Dogs, Horseshoes & Hand Grenades"
457550,Bigscreen Beta
459820,Crush Crush
466910,Worm.is: The Game
469600,Legion TD 2 - Multiplayer Tower Defense
471710,Rec Room
477160,Human: Fall Flat
479130,ESEA
482730,Football Manager 2017
485310,Head Shot
493520,GTFO
495420,State of Decay 2: Juggernaut Edition
505460,Foxhole
506670,ORBITAL
508440,Totally Accurate Battle Simulator
526870,Satisfactory
534380,Dying Light 2 Stay Human
537180,Digimon Masters Online
544810,KARDS - The WWII Card Game
546560,Half-Life: Alyx
548430,Deep Rock Galactic
550900,Metin2
567630,Blood of Steel
589870,Learn to Fly 3
611500,Quake Champions
611790,House Party
625960,Stoneshard
627690,Idle Champions of the Forgotten Realms
632360,Risk of Rain 2
632470,Disco Elysium - The Final Cut
644830,The Surge 2
648800,Raft
666220,CS2D
678960,CODE VEIN
680420,OUTRIDERS
682990,Drug Dealer Simulator
686810,Hell Let Loose
690040,SUPERHOT: MIND CONTROL DELETE
739630,Phasmophobia
740130,Tales of Arise
747660,Five Nights at Freddy's: Security Breach
753640,Outer Wilds
766570,Russian Fishing 4
773951,Freeman: Guerrilla Warfare
774361,Blasphemous
780310,The Riftbreaker
782330,DOOM Eternal
788100,Neon Abyss
794260,Outward Definitive Edition
799960,Wizard101
813780,Age of Empires II: Definitive Edition
826630,Iron Harvest
837470,Untitled Goose Game
843380,Super Animal Royale
848450,Subnautica: Below Zero
851850,DRAGON BALL Z: KAKAROT
858820,Tribes of Midgard
868270,The Cycle
870780,Control Ultimate Edition
881100,Noita
882100,XCOM: Chimera Squad
892970,Valheim
895400,Deadside
900883,The Elder Scrolls IV: Oblivion Game of the Year Edition Deluxe
901242,Mass Effect 2 Digital Deluxe Edition
901583,Grand Theft Auto IV: Complete Edition
903950,Last Oasis
915320,Pixel Strike 3D
918570,Century: Age of Ashes
920210,LEGO Star Wars: The Skywalker Saga
924970,Back 4 Blood
933110,Age of Empires III: Definitive Edition
952060,Resident Evil 3
955050,Bright Memory
960170,DJMAX RESPECT V
962130,Grounded
962730,Skater XL - The Ultimate Skateboarding Game
969990,SpongeBob SquarePants: Battle for Bikini Bottom - Rehydrated
972660,Spiritfarer: Farewell Edition
977400,Cell to Singularity - Evolution Never Ends
979690,The Ascent
985890,Streets of Rage 4
992300,嗜血印 Bloody Spell
996580,Spyro Reignited Trilogy
997070,Marvel's Avengers
1016920,Unrailed!
1029550,Torque Drift
1030830,Mafia II: Definitive Edition
1030840,Mafia: Definitive Edition
1049410,Superliminal
1049590,Eternal Return: Black Survival
1049800,BLOCKADE
1056640,Phantasy Star Online 2
1057090,Ori and the Will of the Wisps
1057240,Crucible Beta
1058020,"STAR WARS Battlefront (Classic, 2004)"
1063730,New World
1080110,F1 2020
1086940,Baldur's Gate 3
1088150,Scribble It!
1089090,ONE PIECE: PIRATE WARRIORS 4
1089980,The Henry Stickmin Collection
1091500,Cyberpunk 2077
1092790,Inscryption
1094520,Sands of Salzaar
1096530,Solasta: Crown of the Magister
1097150,Fall Guys: Ultimate Knockout
1106840,Hydroneer
1113000,Persona 4 Golden
1124300,HUMANKIND
1128810,RISK: Global Domination
1129580,Medieval Dynasty
1134570,F1 2021
1139900,Ghostrunner
1142710,Total War: WARHAMMER III
1144200,Ready or Not
1145360,Hades
1147550,Not For Broadcast
1147560,Skul: The Hero Slayer
1150690,OMORI
1151340,Fallout 76: The Pitt
1151640,Horizon Zero Dawn Complete Edition
1154790,XIII
1158310,Crusader Kings III
1162520,Richman10
1167630,Teardown
1172380,STAR WARS Jedi: Fallen Order
1172470,Apex Legends
1172620,Sea of Thieves
1173690,Resident Evil 3: Raccoon City Demo
1174180,Red Dead Redemption 2
1178830,Bright Memory: Infinite
1184370,Pathfinder: Wrath of the Righteous - Enhanced Edition
1189630,Path Of Wuxia
1190460,DEATH STRANDING
1196590,Resident Evil Village
1201240,BLEACH Brave Souls
1203220,NARAKA: BLADEPOINT
1203630,Record of Lodoss War-Deedlit in Wonder Labyrinth-
1207590,Builders of Egypt: Prologue
1209040,Cyber Hunter
1213210,Command & Conquer Remastered Collection
1217060,Gunfire Reborn
1222140,Detroit: Become Human
1222670,The Sims 4
1222680,Need for Speed Heat
1222690,Dragon Age Inquisition
1222730,STAR WARS: Squadrons
1225330,NBA 2K21
1226470,Shadow Arena
1229490,ULTRAKILL
1233570,Mirror's Edge Catalyst
1237950,STAR WARS Battlefront II
1237970,Titanfall 2
1237980,STAR WARS Battlefront
1238000,Mass Effect: Andromeda Deluxe Edition
1238060,Dead Space 3
1238810,Battlefield V
1238820,Battlefield 3
1238840,Battlefield 1
1238860,Battlefield 4
1240440,Halo Infinite
1241100,POLYGON: Multiplayer Shooter
1241110,ANARCHY
1245620,ELDEN RING
1248130,Farming Simulator 22
1250410,Microsoft Flight Simulator Game of the Year Edition
1252330,DEATHLOOP
1254120,Bless Unleashed
1258080,Shop Titans
1259420,Days Gone
1259970,eFootball PES 2021 SEASON UPDATE
1262540,Need for Speed
1262560,Need for Speed Most Wanted
1263850,Football Manager 2021
1264670,The Wind Road
1266680,Strobophagia | Rave Horror
1267910,Melvor Idle
1274570,DEVOUR
1282730,Loop Hero
1284210,Guild Wars 2
1284410,GWENT: The Witcher Card Game
1286680,Tiny Tina's Wonderlands
1286830,STAR WARS: The Old Republic
1289310,Helltaker
1293830,Forza Horizon 4
1296830,暖雪 Warm Snow
1301210,Knockout City
1301720,Escape Room - Der kranke Kollege
1307550,Craftopia
1313140,Cult of the Lamb
1313860,EA SPORTS FIFA 21
1325200,Nioh 2 – The Complete Edition
1328670,Mass Effect Legendary Edition
1332010,Stray
1335200,Action Taimanin
1343370,Old School RuneScape
1343400,RuneScape 
1353950,Ring of Fire: Prologue
1359090,Zero Hour
1366540,Dyson Sphere Program
1377580,Soulworker
1380400,Saving Grace
1399780,Spellbreak
1401750,Mission Z
1404210,Red Dead Online
1407200,World of Tanks
1407530,Warrior Beneath Heaven
1408720,Krunker
1418100,Swords of Legends Online
1418630,Dread Hunger
1426210,It Takes Two
1436930,Temple of Apshai Trilogy
1446780,MONSTER HUNTER RISE
1454400,Cookie Clicker
1466640,Road 96 
1466860,Age of Empires IV: Anniversary Edition
1468260,Leaf Blower Revolution - Idle Game
1468810,鬼谷八荒 Tale of Immortal
1473480,A.V.A
1483870,Draw & Guess
1506830,FIFA 22
1509960,PICO PARK
1515950,Capcom Arcade Stadium
1517290,Battlefield 2042
1522820,Orcs Must Die! 3
1533390,Gorilla Tag
1536610,OpenTTD
1549970,Aliens: Fireteam Elite
1551360,Forza Horizon 5
1569040,Football Manager 2022
1593500,God of War
1599340,Lost Ark
1604030,V Rising
1619450,Heart of a Warrior
1644960,NBA 2K22
1677740,Stumble Guys
1721470,Poppy Playtime
1794680,Vampire Survivors
1817070,Marvel’s Spider-Man Remastered
1818750,MultiVersus
1824220,Chivalry 2
1832640,Mirror 2: Project X
1887990,Deep Night Runner
1938090,Call of Duty: Modern Warfare II
